--
-- Dumping data for table core_admin_right
--
INSERT INTO core_admin_right(id_right,name,level_right,admin_url,description,is_updatable,plugin_name,id_feature_group,icon_url,documentation_url)
	VALUES('CALENDAR_MANAGEMENT','calendar.adminFeature.calendar_management.name',1,'jsp/admin/plugins/calendar/ManageCalendars.jsp','calendar.adminFeature.calendar_management.description',0,'calendar',NULL,NULL,NULL);

--
-- Dumping data for table core_portlet_type
--
INSERT INTO core_portlet_type(id_portlet_type,name,url_creation,url_update,home_class,plugin_name,url_docreate,create_script,create_specific,create_specific_form,url_domodify,modify_script,modify_specific,modify_specific_form)
	VALUES('CALENDAR_PORTLET','calendar.portlet.name','plugins/calendar/CreatePortletCalendar.jsp','plugins/calendar/ModifyPortletCalendar.jsp','fr.paris.lutece.plugins.calendar.business.portlet.CalendarPortletHome','calendar','plugins/calendar/DoCreatePortletCalendar.jsp','/admin/portlet/script_create_portlet.html','','','plugins/calendar/DoModifyPortletCalendar.jsp','/admin/portlet/script_modify_portlet.html','/admin/plugins/calendar/portlet_modify_calendar.html','');
INSERT INTO core_portlet_type(id_portlet_type,name,url_creation,url_update,home_class,plugin_name,url_docreate,create_script,create_specific,create_specific_form,url_domodify,modify_script,modify_specific,modify_specific_form)
	VALUES('MINI_CALENDAR_PORTLET','calendar.portlet.mini_agenda.name','plugins/calendar/CreatePortletMiniCalendar.jsp','plugins/calendar/ModifyPortletMiniCalendar.jsp','fr.paris.lutece.plugins.calendar.business.portlet.MiniCalendarPortletHome','calendar','plugins/calendar/DoCreatePortletMiniCalendar.jsp','/admin/portlet/script_create_portlet.html','','','plugins/calendar/DoModifyPortletMiniCalendar.jsp','/admin/portlet/script_modify_portlet.html','/admin/plugins/calendar/portlet_modify_mini_calendar.html','');

--
-- Dumping data for table core_style
--
INSERT INTO core_style(id_style,description_style,id_portlet_type,id_portal_component) VALUES(1200,'Calendar-Défaut','CALENDAR_PORTLET',0);
INSERT INTO core_style(id_style,description_style,id_portlet_type,id_portal_component) VALUES(1201,'MiniAgenda','MINI_CALENDAR_PORTLET',0);
INSERT INTO core_style(id_style,description_style,id_portlet_type,id_portal_component) VALUES(1202,'Calendar-Organizedevent','CALENDAR_PORTLET',0);

--
-- Dumping data for table core_stylesheet
--
INSERT INTO core_stylesheet(id_stylesheet,description,file_name,source)
	VALUES(1200,'Calendar-Défaut','portlet_calendar.xsl',0x3C3F786D6C2076657273696F6E3D22312E30223F3E0D0A3C78736C3A7374796C6573686565742076657273696F6E3D22312E302220786D6C6E733A78736C3D22687474703A2F2F7777772E77332E6F72672F313939392F58534C2F5472616E73666F726D223E0D0A0D0A093C78736C3A706172616D206E616D653D22736974652D70617468222073656C6563743D22736974652D7061746822202F3E0D0A093C78736C3A7661726961626C65206E616D653D22706F72746C65742D6964222073656C6563743D22706F72746C65742F706F72746C65742D696422202F3E0D0A0D0A093C78736C3A74656D706C617465206D617463683D22706F72746C6574223E0D0A09093C64697620636C6173733D22617070656E642D626F74746F6D22203E0D0A0909093C78736C3A63686F6F73653E0D0A090909093C78736C3A7768656E20746573743D226E6F7428737472696E6728646973706C61792D706F72746C65742D7469746C65293D27312729223E0D0A09090909093C683320636C6173733D22706F72746C65742D6261636B67726F756E642D686561646572202D6C75746563652D626F726465722D7261646975732D746F70223E0D0A0909090909093C78736C3A76616C75652D6F662064697361626C652D6F75747075742D6573636170696E673D22796573222073656C6563743D22706F72746C65742D6E616D6522202F3E0D0A09090909093C2F68333E0D0A09090909093C64697620636C6173733D22706F72746C65742D6261636B67726F756E642D636F6E74656E74202D6C75746563652D626F726465722D7261646975732D626F74746F6D22203E0D0A0909090909093C78736C3A6170706C792D74656D706C617465732073656C6563743D2263616C656E6461722D66696C74657265642D6C69737422202F3E0D0A0909090909093C78736C3A746578742064697361626C652D6F75747075742D6573636170696E673D22796573223E0D0A090909090909093C215B43444154415B3C64697620636C6173733D22636C656172223E26233136303B3C2F6469763E5D5D3E0D0A0909090909093C2F78736C3A746578743E0D0A09090909093C2F6469763E0D0A090909093C2F78736C3A7768656E3E0D0A090909093C78736C3A6F74686572776973653E0D0A09090909093C64697620636C6173733D22706F72746C65742D6261636B67726F756E642D636F6E74656E74202D6C75746563652D626F726465722D72616469757322203E0D0A0909090909093C78736C3A6170706C792D74656D706C617465732073656C6563743D2263616C656E6461722D66696C74657265642D6C69737422202F3E0D0A0909090909093C78736C3A746578742064697361626C652D6F75747075742D6573636170696E673D22796573223E0D0A090909090909093C215B43444154415B3C64697620636C6173733D22636C656172223E26233136303B3C2F6469763E5D5D3E0D0A0909090909093C2F78736C3A746578743E0D0A09090909093C2F6469763E0D0A090909093C2F78736C3A6F74686572776973653E0D0A0909093C2F78736C3A63686F6F73653E0D0A09093C2F6469763E20202020202020200D0A093C2F78736C3A74656D706C6174653E0D0A0D0A093C78736C3A74656D706C617465206D617463683D2263616C656E6461722D66696C74657265642D6C697374223E0D0A09093C78736C3A6170706C792D74656D706C617465732073656C6563743D226576656E747322202F3E0D0A093C2F78736C3A74656D706C6174653E0D0A0D0A093C78736C3A74656D706C617465206D617463683D226576656E7473223E202020200D0A09093C78736C3A6170706C792D74656D706C617465732073656C6563743D226576656E7422202F3E200D0A093C2F78736C3A74656D706C6174653E0D0A0D0A093C78736C3A74656D706C617465206D617463683D226576656E74223E0D0A09095B0D0A20202020202020203C78736C3A76616C75652D6F662073656C6563743D22646174652D6C6F63616C22202F3E200D0A20202020202020205D0D0A09093C6120687265663D227B24736974652D706174687D3F706167653D63616C656E646172262333383B6167656E64613D7B6167656E64612D69647D262333383B646174653D7B6576656E742D646174657D22207461726765743D225F746F7022207469746C653D22207B6167656E64612D6E616D657D3A7B6576656E742D7469746C657D20223E202020202020202020200D0A0909093C78736C3A76616C75652D6F662073656C6563743D226576656E742D7469746C6522202F3E200D0A09093C2F613E0D0A09093C6272202F3E0D0A093C2F78736C3A74656D706C6174653E0D0A3C2F78736C3A7374796C6573686565743E0D0A);
INSERT INTO core_stylesheet(id_stylesheet,description,file_name,source)
	VALUES(1201,'Miniagendastylesheet','portlet_mini_calendar.xsl', 0x3C3F786D6C2076657273696F6E3D22312E30223F3E0D0A3C78736C3A7374796C6573686565742076657273696F6E3D22312E302220786D6C6E733A78736C3D22687474703A2F2F7777772E77332E6F72672F313939392F58534C2F5472616E73666F726D223E0D0A093C78736C3A6F7574707574206D6574686F643D2268746D6C222F3E0D0A093C78736C3A7661726961626C65206E616D653D2275726C223E3C78736C3A76616C75652D6F662073656C6563743D22706F72746C65742F75726C222F3E3C2F78736C3A7661726961626C653E0D0A202020203C78736C3A7661726961626C65206E616D653D22706167652D6964223E3C78736C3A76616C75652D6F662073656C6563743D22706F72746C65742F706167652D6964222F3E3C2F78736C3A7661726961626C653E0D0A093C78736C3A74656D706C617465206D617463683D22706F72746C6574223E0D0A09093C6C696E6B2072656C3D227374796C657368656574222020687265663D226373732F706C7567696E732F63616C656E6461722F63616C656E6461722E6373732220747970653D22746578742F6373732220206D656469613D2273637265656E22202F3E0D0A09090D0A09093C78736C3A6170706C792D74656D706C617465732073656C6563743D22746F702D6576656E747322202F3E0D0A09093C64697620636C6173733D22706F72746C65742D6261636B67726F756E642D636F6E74656E74202D6C75746563652D626F726465722D7261646975732D626F74746F6D207370616E2D362063616C656E6461722D6D696E69223E0D0A0909093C78736C3A6170706C792D74656D706C617465732073656C6563743D226D6F6E746822202F3E0D0A0909093C78736C3A746578742064697361626C652D6F75747075742D6573636170696E673D22796573223E0D0A090909093C2F78736C3A746578743E0D0A0909093C78736C3A6170706C792D74656D706C617465732073656C6563743D226576656E747322202F3E0D0A09093C2F6469763E20202009090909090D0A093C2F78736C3A74656D706C6174653E0D0A0D0A093C78736C3A74656D706C617465206D617463683D226D6F6E7468223E0D0A09202020203C7461626C6520636C6173733D2263616C656E6461722D736D616C6C6D6F6E7468222063656C6C73706163696E673D2230223E0D0A20202020202020203C74723E0D0A2020202020202020202020203C746820636C6173733D2263616C656E6461722D736D616C6C6D6F6E74682220636F6C7370616E3D2237223E0D0A202020202020202020202020093C6120636C6173733D226C6566742220687265663D227B2475726C7D7B24706167652D69647D26616D703B6D6F6E74683D70726576223E266C743B266C743B3C2F613E0D0A090909093C78736C3A76616C75652D6F662073656C6563743D226D6F6E74682D6C6162656C222064697361626C652D6F75747075742D6573636170696E673D2279657322202F3E0D0A090909093C6120636C6173733D2272696768742220687265663D227B2475726C7D7B24706167652D69647D26616D703B6D6F6E74683D6E657874223E2667743B2667743B3C2F613E0D0A2020202020202020202020203C2F74683E0D0A20202020202020203C2F74723E0D0A09093C78736C3A6170706C792D74656D706C617465732073656C6563743D227765656B73222F3E090909090D0A09093C2F7461626C653E0D0A09093C78736C3A6170706C792D74656D706C617465732073656C6563743D227765656B2D73686F72746375747322202F3E0D0A093C2F78736C3A74656D706C6174653E0D0A0D0A093C78736C3A74656D706C617465206D617463683D227765656B73223E200D0A09093C74723E0D0A0909093C78736C3A6170706C792D74656D706C617465732073656C6563743D226461792D6C6162656C22202F3E0D0A09093C2F74723E090D0A09090D0A09093C78736C3A6170706C792D74656D706C617465732073656C6563743D227765656B22202F3E0D0A09090D0A093C2F78736C3A74656D706C6174653E0D0A090D0A093C78736C3A74656D706C617465206D617463683D226461792D6C6162656C223E0D0A0909093C746820636C6173733D2263616C656E6461722D736D616C6C6D6F6E7468223E3C78736C3A6170706C792D74656D706C61746573202F3E3C2F74683E0D0A093C2F78736C3A74656D706C6174653E200D0A090D0A093C78736C3A74656D706C617465206D617463683D227765656B223E202020200D0A09093C74723E0D0A0909093C78736C3A6170706C792D74656D706C617465732073656C6563743D22646179222F3E200D0A09093C2F74723E0D0A093C2F78736C3A74656D706C6174653E0D0A0D0A093C78736C3A74656D706C617465206D617463683D22646179223E0D0A09093C78736C3A76616C75652D6F662073656C6563743D226461792D636F6465222064697361626C652D6F75747075742D6573636170696E673D2279657322202F3E200D0A093C2F78736C3A74656D706C6174653E0D0A090D0A093C78736C3A74656D706C617465206D617463683D227765656B2D73686F727463757473223E0D0A09093C78736C3A6170706C792D74656D706C617465732073656C6563743D227765656B2D73686F7274637574222F3E200D0A093C2F78736C3A74656D706C6174653E0D0A090D0A093C78736C3A74656D706C617465206D617463683D227765656B2D73686F7274637574223E090D0A0909093C696D67206865696768743D2231362220626F726465723D223022202077696474683D22313622207469746C653D224167656E64612220616C743D224167656E646122207372633D22696D616765732F6C6F63616C2F736B696E2F706C7567696E732F63616C656E6461722F6D696E695F63616C656E6461722E706E67222F3E09090D0A090909093C78736C3A746578742064697361626C652D6F75747075742D6573636170696E673D22796573223E0D0A0909090909093C215B43444154415B266E6273703B5D5D3E0D0A090909093C2F78736C3A746578743E0D0A0909093C6120687265663D226A73702F736974652F506F7274616C2E6A73703F706167655F69643D7B24706167652D69647D26616D703B646174653D7B7765656B2D73686F72746375742D646174652D73746172747D26616D703B646174655F656E643D7B7765656B2D73686F72746375742D646174652D656E647D223E0D0A0909093C78736C3A76616C75652D6F662073656C6563743D227765656B2D73686F72746375742D6C6162656C222064697361626C652D6F75747075742D6573636170696E673D2279657322202F3E3C2F613E090909090D0A09093C62722F3E0D0A093C2F78736C3A74656D706C6174653E0D0A0D0A093C78736C3A74656D706C617465206D617463683D22746F702D6576656E7473223E090D0A093C64697620636C6173733D227370616E2D313522203E0D0A093C6469762069643D22746F702D6576656E742220636C6173733D2267616C6C65727976696577223E0D0A09093C78736C3A6170706C792D74656D706C617465732073656C6563743D22746F702D6576656E74222F3E0D0A093C2F6469763E0D0A093C2F6469763E0D0A093C2F78736C3A74656D706C6174653E0D0A093C78736C3A74656D706C617465206D617463683D22746F702D6576656E74223E0D0A09093C64697620636C6173733D2270616E656C223E0D0A0909093C696D67207372633D22696D6167653F7265736F757263655F747970653D696D6167655F6576656E7426616D703B69643D7B6576656E742D69647D22202F3E200D0A0909093C64697620636C6173733D2270616E656C2D6F7665726C6179223E0D0A090909093C68343E3C6120687265663D226A73702F736974652F506F7274616C2E6A73703F706167653D63616C656E64617226616D703B616374696F6E3D73686F775F726573756C7426616D703B6576656E745F69643D7B6576656E742D69647D26616D703B6167656E64613D7B6167656E64612D69647D22207461726765743D225F626C616E6B223E3C78736C3A76616C75652D6F662073656C6563743D22746F702D6576656E742D7469746C65222064697361626C652D6F75747075742D6573636170696E673D2279657322202F3E3C2F613E3C2F68343E090909090D0A0909093C2F6469763E0D0A09093C2F6469763E0D0A093C2F78736C3A74656D706C6174653E0D0A090D0A093C78736C3A74656D706C617465206D617463683D226576656E7473223E0D0A09093C62722F3E0D0A09093C78736C3A6170706C792D74656D706C617465732073656C6563743D226576656E7422202F3E200D0A093C2F78736C3A74656D706C6174653E0D0A090D0A093C78736C3A74656D706C617465206D617463683D226576656E74223E0D0A093C6469763E0D0A09095B3C78736C3A76616C75652D6F662073656C6563743D226461746522202F3E0D0A09093C78736C3A696620746573743D22646174652D656E6420213D202727223E0D0A0909092D26233136303B3C78736C3A76616C75652D6F662073656C6563743D22646174652D656E6422202F3E0D0A09093C2F78736C3A69663E5D0D0A09093C7370616E20636C617373203D202263616C656E6461722D6576656E742D6C6973742D686561646572223E0D0A0909093C78736C3A76616C75652D6F662073656C6563743D226576656E742D7469746C6522202F3E200D0A09093C2F7370616E3E0D0A09093C78736C3A696620746573743D226E6F74286576656E742D6461746574696D652D626567696E3D272729223E0D0A0909092D0D0A0909093C78736C3A76616C75652D6F662073656C6563743D226576656E742D6461746574696D652D626567696E22202F3E200D0A09093C2F78736C3A69663E200D0A09093A0D0A09093C6120687265663D226A73702F736974652F506F7274616C2E6A73703F706167653D63616C656E64617226616D703B616374696F6E3D73686F775F726573756C7426616D703B6576656E745F69643D7B6576656E742D69647D22207461726765743D225F626C616E6B223E0D0A090920093C78736C3A76616C75652D6F662073656C6563743D226576656E742D6465736372697074696F6E22202F3E200D0A09093C2F613E0D0A093C2F6469763E0D0A093C2F78736C3A74656D706C6174653E0D0A090D0A3C2F78736C3A7374796C6573686565743E0D0A);
INSERT INTO core_stylesheet(id_stylesheet,description,file_name,source)
	VALUES(1202,'Calendar-Organizedevent','portlet_calendar_organized_events.xsl',0x3C3F786D6C2076657273696F6E3D22312E30223F3E0D0A3C78736C3A7374796C6573686565742076657273696F6E3D22312E302220786D6C6E733A78736C3D22687474703A2F2F7777772E77332E6F72672F313939392F58534C2F5472616E73666F726D223E0D0A0D0A093C78736C3A706172616D206E616D653D22736974652D70617468222073656C6563743D22736974652D7061746822202F3E0D0A093C78736C3A7661726961626C65206E616D653D22706F72746C65742D6964222073656C6563743D22706F72746C65742F706F72746C65742D696422202F3E0D0A0D0A093C78736C3A74656D706C617465206D617463683D22706F72746C6574223E0D0A09093C64697620636C6173733D22617070656E642D626F74746F6D22203E0D0A0909093C64697620636C6173733D22706F72746C65742D6261636B67726F756E642D636F6E74656E74202D6C75746563652D626F726465722D7261646975732D626F74746F6D207370616E2D362063616C656E6461722D6D696E692063616C656E6461722D7365617263682D666C6F61742D6C656674223E0D0A090909093C78736C3A6170706C792D74656D706C617465732073656C6563743D226D6F6E746822202F3E0D0A090909093C78736C3A746578742064697361626C652D6F75747075742D6573636170696E673D22796573223E0D0A09090909093C2F78736C3A746578743E0D0A0909093C2F6469763E200D0A0909093C64697620636C6173733D22706F72746C65742D6261636B67726F756E642D636F6E74656E74202D6C75746563652D626F726465722D7261646975732063616C656E6461722D7365617263682D666C6F61742D6C656674207370616E2D313322203E0D0A090909093C78736C3A6170706C792D74656D706C617465732073656C6563743D2263616C656E6461722D66696C74657265642D6C69737422202F3E0D0A090909093C78736C3A746578742064697361626C652D6F75747075742D6573636170696E673D22796573223E0D0A09090909093C215B43444154415B3C64697620636C6173733D22636C656172223E26233136303B3C2F6469763E5D5D3E0D0A090909093C2F78736C3A746578743E0D0A0909093C2F6469763E0D0A09093C2F6469763E0D0A09093C64697620636C6173733D2263616C656E6461722D636C656172626F7468223E3C2F6469763E20202020202020200D0A093C2F78736C3A74656D706C6174653E0D0A0D0A093C78736C3A74656D706C617465206D617463683D226D6F6E7468223E0D0A09202020203C7461626C6520636C6173733D2263616C656E6461722D736D616C6C6D6F6E7468222063656C6C73706163696E673D2230223E0D0A20202020202020203C74723E0D0A2020202020202020202020203C746820636C6173733D2263616C656E6461722D736D616C6C6D6F6E74682220636F6C7370616E3D2237223E0D0A090909093C78736C3A76616C75652D6F662073656C6563743D226D6F6E74682D6C6162656C222064697361626C652D6F75747075742D6573636170696E673D2279657322202F3E0D0A2020202020202020202020203C2F74683E0D0A20202020202020203C2F74723E0D0A09093C78736C3A6170706C792D74656D706C617465732073656C6563743D227765656B73222F3E090909090D0A09093C2F7461626C653E0D0A09093C78736C3A6170706C792D74656D706C617465732073656C6563743D227765656B2D73686F72746375747322202F3E0D0A093C2F78736C3A74656D706C6174653E0D0A0D0A093C78736C3A74656D706C617465206D617463683D227765656B73223E200D0A09093C74723E0D0A0909093C78736C3A6170706C792D74656D706C617465732073656C6563743D226461792D6C6162656C22202F3E0D0A09093C2F74723E090D0A09090D0A09093C78736C3A6170706C792D74656D706C617465732073656C6563743D227765656B22202F3E0D0A09090D0A093C2F78736C3A74656D706C6174653E0D0A090D0A093C78736C3A74656D706C617465206D617463683D226461792D6C6162656C223E0D0A0909093C746820636C6173733D2263616C656E6461722D736D616C6C6D6F6E7468223E3C78736C3A6170706C792D74656D706C61746573202F3E3C2F74683E0D0A093C2F78736C3A74656D706C6174653E200D0A090D0A093C78736C3A74656D706C617465206D617463683D227765656B223E202020200D0A09093C74723E0D0A0909093C78736C3A6170706C792D74656D706C617465732073656C6563743D22646179222F3E200D0A09093C2F74723E0D0A093C2F78736C3A74656D706C6174653E0D0A0D0A093C78736C3A74656D706C617465206D617463683D22646179223E0D0A09093C78736C3A76616C75652D6F662073656C6563743D226461792D636F6465222064697361626C652D6F75747075742D6573636170696E673D2279657322202F3E200D0A093C2F78736C3A74656D706C6174653E0D0A090D0A093C78736C3A74656D706C617465206D617463683D227765656B2D73686F727463757473223E0D0A09093C78736C3A6170706C792D74656D706C617465732073656C6563743D227765656B2D73686F7274637574222F3E200D0A093C2F78736C3A74656D706C6174653E0D0A090D0A093C78736C3A74656D706C617465206D617463683D227765656B2D73686F7274637574223E090D0A0909093C696D67206865696768743D2231362220626F726465723D223022202077696474683D22313622207469746C653D224167656E64612220616C743D224167656E646122207372633D22696D616765732F6C6F63616C2F736B696E2F706C7567696E732F63616C656E6461722F6D696E695F63616C656E6461722E706E67222F3E09090D0A090909093C78736C3A746578742064697361626C652D6F75747075742D6573636170696E673D22796573223E0D0A0909090909093C215B43444154415B266E6273703B5D5D3E0D0A090909093C2F78736C3A746578743E0D0A0909093C6120687265663D226A73702F736974652F506F7274616C2E6A73703F706167653D63616C656E64617226616D703B616374696F6E3D646F5F73656172636826616D703B646174655F73746172743D7B7765656B2D73686F72746375742D646174652D73746172747D26616D703B646174655F656E643D7B7765656B2D73686F72746375742D646174652D656E647D26616D703B706572696F643D7B7765656B2D73686F72746375742D706572696F647D223E0D0A0909093C78736C3A76616C75652D6F662073656C6563743D227765656B2D73686F72746375742D6C6162656C222064697361626C652D6F75747075742D6573636170696E673D2279657322202F3E3C2F613E090909090D0A090909200D0A09093C62722F3E0D0A093C2F78736C3A74656D706C6174653E0D0A090D0A093C78736C3A74656D706C617465206D617463683D2263616C656E6461722D66696C74657265642D6C697374223E0D0A09093C78736C3A6170706C792D74656D706C617465732073656C6563743D226576656E747322202F3E0D0A093C2F78736C3A74656D706C6174653E0D0A0D0A093C78736C3A74656D706C617465206D617463683D226576656E7473223E202020200D0A09093C78736C3A6170706C792D74656D706C617465732073656C6563743D226576656E7422202F3E200D0A093C2F78736C3A74656D706C6174653E0D0A0D0A093C78736C3A74656D706C617465206D617463683D226576656E74223E090D0A09093C7020636C6173733D2263616C656E6461722D6F7267616E697A65642D6576656E74223E0D0A0920202020202020203C6120687265663D226A73702F736974652F506F7274616C2E6A73703F706167653D63616C656E64617226616D703B616374696F6E3D73686F775F726573756C7426616D703B6576656E745F69643D7B6576656E742D69647D26616D703B6167656E64613D7B6167656E64612D69647D22207461726765743D225F626C616E6B223E0D0A092020202020202020093C78736C3A76616C75652D6F662073656C6563743D226576656E742D7469746C65222064697361626C652D6F75747075742D6573636170696E673D2279657322202F3E0D0A0920202020202020203C2F613E0D0A20202020202020203C2F703E0D0A0D0A093C2F78736C3A74656D706C6174653E0D0A3C2F78736C3A7374796C6573686565743E0D0A);

--
-- Dumping data for table core_style_mode_stylesheet
--
INSERT INTO core_style_mode_stylesheet(id_style,id_mode,id_stylesheet) VALUES(1200,0,1200);
INSERT INTO core_style_mode_stylesheet(id_style,id_mode,id_stylesheet) VALUES(1201,0,1201);
INSERT INTO core_style_mode_stylesheet(id_style,id_mode,id_stylesheet) VALUES(1202,0,1202);

--
-- Init  table core_admin_role
--
INSERT INTO core_admin_role (role_key,role_description) VALUES ('calendar_manager', 'Calendar management');

--
-- Init  table core_admin_role_resource
--
INSERT INTO core_admin_role_resource (rbac_id,role_key,resource_type,resource_id,permission) VALUES (250,'calendar_manager','CALENDAR','*','*');

--
-- Init  table core_user_role
--
INSERT INTO core_user_role (role_key,id_user) VALUES ('calendar_manager',1);

--
-- Init  table core_admin_dashboard
--
INSERT INTO core_admin_dashboard(dashboard_name, dashboard_column, dashboard_order) VALUES('calendarAdminDashboardComponent', 1, 1);

--
-- Init  table core_dashboard
--
INSERT INTO core_dashboard(dashboard_name, dashboard_column, dashboard_order) VALUES('CALENDAR', 3, 1);
