--
-- Dumping data for table core_admin_right
--
INSERT INTO core_admin_right(id_right,name,level_right,admin_url,description,is_updatable,plugin_name,id_feature_group,icon_url,documentation_url)
	VALUES('CALENDAR_MANAGEMENT','calendar.adminFeature.calendar_management.name',1,'jsp/admin/plugins/calendar/ManageCalendars.jsp','calendar.adminFeature.calendar_management.description',0,'calendar',NULL,NULL,NULL);

--
-- Dumping data for table core_portlet_type
--
INSERT INTO core_portlet_type(id_portlet_type,name,url_creation,url_update,home_class,plugin_name,url_docreate,create_script,create_specific,create_specific_form,url_domodify,modify_script,modify_specific,modify_specific_form)
	VALUES('CALENDAR_PORTLET','calendar.portlet.name','plugins/calendar/CreatePortletCalendar.jsp','plugins/calendar/ModifyPortletCalendar.jsp','fr.paris.lutece.plugins.calendar.business.portlet.CalendarPortletHome','calendar','plugins/calendar/DoCreatePortletCalendar.jsp','/admin/portlet/script_create_portlet.html','','','plugins/calendar/DoModifyPortletCalendar.jsp','/admin/portlet/script_modify_portlet.html','/admin/plugins/calendar/portlet_modify_calendar.html','');
INSERT INTO core_portlet_type(id_portlet_type,name,url_creation,url_update,home_class,plugin_name,url_docreate,create_script,create_specific,create_specific_form,url_domodify,modify_script,modify_specific,modify_specific_form)
	VALUES('MINI_CALENDAR_PORTLET','calendar.portlet.mini_agenda.name','plugins/calendar/CreatePortletMiniCalendar.jsp','plugins/calendar/ModifyPortletMiniCalendar.jsp','fr.paris.lutece.plugins.calendar.business.portlet.MiniCalendarPortletHome','calendar','plugins/calendar/DoCreatePortletMiniCalendar.jsp','/admin/portlet/script_create_portlet.html','','','plugins/calendar/DoModifyPortletMiniCalendar.jsp','/admin/portlet/script_modify_portlet.html','/admin/plugins/calendar/portlet_modify_mini_calendar.html','');

--
-- Dumping data for table core_style
--
INSERT INTO core_style(id_style,description_style,id_portlet_type,id_portal_component) VALUES(1200,'Calendar-Défaut','CALENDAR_PORTLET',0);
INSERT INTO core_style(id_style,description_style,id_portlet_type,id_portal_component) VALUES(1201,'MiniAgenda','MINI_CALENDAR_PORTLET',0);
INSERT INTO core_style(id_style,description_style,id_portlet_type,id_portal_component) VALUES(1202,'Calendar-Organizedevent','CALENDAR_PORTLET',0);

--
-- Dumping data for table core_stylesheet
--
INSERT INTO core_stylesheet(id_stylesheet,description,file_name,source)
	VALUES(1200,'Calendar-Défaut','portlet_calendar.xsl',0x3C3F786D6C2076657273696F6E3D22312E30223F3E0D0A3C78736C3A7374796C6573686565742076657273696F6E3D22312E302220786D6C6E733A78736C3D22687474703A2F2F7777772E77332E6F72672F313939392F58534C2F5472616E73666F726D223E0D0A0D0A093C78736C3A706172616D206E616D653D22736974652D70617468222073656C6563743D22736974652D7061746822202F3E0D0A093C78736C3A7661726961626C65206E616D653D22706F72746C65742D6964222073656C6563743D22706F72746C65742F706F72746C65742D696422202F3E0D0A0D0A093C78736C3A74656D706C617465206D617463683D22706F72746C6574223E0D0A09093C64697620636C6173733D22617070656E642D626F74746F6D22203E0D0A0909093C78736C3A63686F6F73653E0D0A090909093C78736C3A7768656E20746573743D226E6F7428737472696E6728646973706C61792D706F72746C65742D7469746C65293D27312729223E0D0A09090909093C683320636C6173733D22706F72746C65742D6261636B67726F756E642D686561646572202D6C75746563652D626F726465722D7261646975732D746F70223E0D0A0909090909093C78736C3A76616C75652D6F662064697361626C652D6F75747075742D6573636170696E673D22796573222073656C6563743D22706F72746C65742D6E616D6522202F3E0D0A09090909093C2F68333E0D0A09090909093C64697620636C6173733D22706F72746C65742D6261636B67726F756E642D636F6E74656E74202D6C75746563652D626F726465722D7261646975732D626F74746F6D22203E0D0A0909090909093C78736C3A6170706C792D74656D706C617465732073656C6563743D2263616C656E6461722D66696C74657265642D6C69737422202F3E0D0A0909090909093C78736C3A746578742064697361626C652D6F75747075742D6573636170696E673D22796573223E0D0A090909090909093C215B43444154415B3C64697620636C6173733D22636C656172223E26233136303B3C2F6469763E5D5D3E0D0A0909090909093C2F78736C3A746578743E0D0A09090909093C2F6469763E0D0A090909093C2F78736C3A7768656E3E0D0A090909093C78736C3A6F74686572776973653E0D0A09090909093C64697620636C6173733D22706F72746C65742D6261636B67726F756E642D636F6E74656E74202D6C75746563652D626F726465722D72616469757322203E0D0A0909090909093C78736C3A6170706C792D74656D706C617465732073656C6563743D2263616C656E6461722D66696C74657265642D6C69737422202F3E0D0A0909090909093C78736C3A746578742064697361626C652D6F75747075742D6573636170696E673D22796573223E0D0A090909090909093C215B43444154415B3C64697620636C6173733D22636C656172223E26233136303B3C2F6469763E5D5D3E0D0A0909090909093C2F78736C3A746578743E0D0A09090909093C2F6469763E0D0A090909093C2F78736C3A6F74686572776973653E0D0A0909093C2F78736C3A63686F6F73653E0D0A09093C2F6469763E20202020202020200D0A093C2F78736C3A74656D706C6174653E0D0A0D0A093C78736C3A74656D706C617465206D617463683D2263616C656E6461722D66696C74657265642D6C697374223E0D0A09093C78736C3A6170706C792D74656D706C617465732073656C6563743D226576656E747322202F3E0D0A093C2F78736C3A74656D706C6174653E0D0A0D0A093C78736C3A74656D706C617465206D617463683D226576656E7473223E202020200D0A09093C78736C3A6170706C792D74656D706C617465732073656C6563743D226576656E7422202F3E200D0A093C2F78736C3A74656D706C6174653E0D0A0D0A093C78736C3A74656D706C617465206D617463683D226576656E74223E0D0A09095B0D0A20202020202020203C78736C3A76616C75652D6F662073656C6563743D22646174652D6C6F63616C22202F3E200D0A20202020202020205D0D0A09093C6120687265663D227B24736974652D706174687D3F706167653D63616C656E646172262333383B6167656E64613D7B6167656E64612D69647D262333383B646174653D7B6576656E742D646174657D22207461726765743D225F746F7022207469746C653D22207B6167656E64612D6E616D657D3A7B6576656E742D7469746C657D20223E202020202020202020200D0A0909093C78736C3A76616C75652D6F662073656C6563743D226576656E742D7469746C6522202F3E200D0A09093C2F613E0D0A09093C6272202F3E0D0A093C2F78736C3A74656D706C6174653E0D0A3C2F78736C3A7374796C6573686565743E0D0A);
INSERT INTO core_stylesheet(id_stylesheet,description,file_name,source)
	VALUES(1201,'Miniagendastylesheet','portlet_mini_calendar.xsl', 0x3c3f786d6c2076657273696f6e3d22312e30223f3e0d0a3c78736c3a7374796c6573686565742076657273696f6e3d22312e302220786d6c6e733a78736c3d22687474703a2f2f7777772e77332e6f72672f313939392f58534c2f5472616e73666f726d223e0d0a093c78736c3a6f7574707574206d6574686f643d2268746d6c222f3e0d0a093c78736c3a7661726961626c65206e616d653d2275726c223e3c78736c3a76616c75652d6f662073656c6563743d22706f72746c65742f75726c222f3e3c2f78736c3a7661726961626c653e0d0a202020203c78736c3a7661726961626c65206e616d653d22706167652d6964223e3c78736c3a76616c75652d6f662073656c6563743d22706f72746c65742f706167652d6964222f3e3c2f78736c3a7661726961626c653e0d0a093c78736c3a74656d706c617465206d617463683d22706f72746c6574223e0d0a09093c6c696e6b2072656c3d227374796c657368656574222020687265663d226373732f706c7567696e732f63616c656e6461722f63616c656e6461722e6373732220747970653d22746578742f6373732220206d656469613d2273637265656e22202f3e0d0a09090d0a09093c78736c3a6170706c792d74656d706c617465732073656c6563743d22746f702d6576656e747322202f3e0d0a09093c64697620636c6173733d22706f72746c65742d6261636b67726f756e642d636f6e74656e74202d6c75746563652d626f726465722d7261646975732d626f74746f6d207370616e2d362063616c656e6461722d6d696e69223e0d0a0909093c78736c3a6170706c792d74656d706c617465732073656c6563743d226d6f6e746822202f3e0d0a0909093c78736c3a746578742064697361626c652d6f75747075742d6573636170696e673d22796573223e0d0a090909093c2f78736c3a746578743e0d0a0909093c78736c3a6170706c792d74656d706c617465732073656c6563743d226576656e747322202f3e0d0a09093c2f6469763e20202009090909090d0a093c2f78736c3a74656d706c6174653e0d0a0d0a093c78736c3a74656d706c617465206d617463683d226d6f6e7468223e0d0a09202020203c7461626c6520636c6173733d2263616c656e6461722d736d616c6c6d6f6e7468222063656c6c73706163696e673d2230223e0d0a20202020202020203c74723e0d0a2020202020202020202020203c746820636c6173733d2263616c656e6461722d736d616c6c6d6f6e74682220636f6c7370616e3d2237223e0d0a202020202020202020202020093c6120636c6173733d226c6566742220687265663d227b2475726c7d7b24706167652d69647d26616d703b6d6f6e74683d70726576223e266c743b266c743b3c2f613e0d0a090909093c78736c3a76616c75652d6f662073656c6563743d226d6f6e74682d6c6162656c222064697361626c652d6f75747075742d6573636170696e673d2279657322202f3e0d0a090909093c6120636c6173733d2272696768742220687265663d227b2475726c7d7b24706167652d69647d26616d703b6d6f6e74683d6e657874223e2667743b2667743b3c2f613e0d0a2020202020202020202020203c2f74683e0d0a20202020202020203c2f74723e0d0a09093c78736c3a6170706c792d74656d706c617465732073656c6563743d227765656b73222f3e090909090d0a09093c2f7461626c653e0d0a09093c78736c3a6170706c792d74656d706c617465732073656c6563743d227765656b2d73686f72746375747322202f3e0d0a0d0a093c2f78736c3a74656d706c6174653e0d0a0d0a093c78736c3a74656d706c617465206d617463683d227765656b73223e200d0a09093c74723e0d0a0909093c78736c3a6170706c792d74656d706c617465732073656c6563743d226461792d6c6162656c22202f3e0d0a09093c2f74723e090d0a09090d0a09093c78736c3a6170706c792d74656d706c617465732073656c6563743d227765656b22202f3e0d0a09090d0a093c2f78736c3a74656d706c6174653e0d0a090d0a093c78736c3a74656d706c617465206d617463683d226461792d6c6162656c223e0d0a0909093c746820636c6173733d2263616c656e6461722d736d616c6c6d6f6e7468223e3c78736c3a6170706c792d74656d706c61746573202f3e3c2f74683e0d0a093c2f78736c3a74656d706c6174653e200d0a090d0a093c78736c3a74656d706c617465206d617463683d227765656b223e202020200d0a09093c74723e0d0a0909093c78736c3a6170706c792d74656d706c617465732073656c6563743d22646179222f3e200d0a09093c2f74723e0d0a093c2f78736c3a74656d706c6174653e0d0a0d0a093c78736c3a74656d706c617465206d617463683d22646179223e0d0a09093c78736c3a76616c75652d6f662073656c6563743d226461792d636f6465222064697361626c652d6f75747075742d6573636170696e673d2279657322202f3e200d0a093c2f78736c3a74656d706c6174653e0d0a090d0a093c78736c3a74656d706c617465206d617463683d227765656b2d73686f727463757473223e0d0a09093c78736c3a6170706c792d74656d706c617465732073656c6563743d227765656b2d73686f7274637574222f3e200d0a093c2f78736c3a74656d706c6174653e0d0a090d0a093c78736c3a74656d706c617465206d617463683d227765656b2d73686f7274637574223e090d0a0909093c696d67206865696768743d2231362220626f726465723d223022202077696474683d22313622207469746c653d224167656e64612220616c743d224167656e646122207372633d22696d616765732f6c6f63616c2f736b696e2f706c7567696e732f63616c656e6461722f6d696e695f63616c656e6461722e706e67222f3e09090d0a090909093c78736c3a746578742064697361626c652d6f75747075742d6573636170696e673d22796573223e0d0a0909090909093c215b43444154415b266e6273703b5d5d3e0d0a090909093c2f78736c3a746578743e0d0a0909093c6120687265663d226a73702f736974652f506f7274616c2e6a73703f646174653d7b7765656b2d73686f72746375742d646174652d73746172747d223e0d0a0909093c78736c3a76616c75652d6f662073656c6563743d227765656b2d73686f72746375742d6c6162656c222064697361626c652d6f75747075742d6573636170696e673d2279657322202f3e3c2f613e090909090d0a090909200d0a09093c62722f3e0d0a093c2f78736c3a74656d706c6174653e0d0a0d0a093c78736c3a74656d706c617465206d617463683d22746f702d6576656e7473223e090d0a093c64697620636c6173733d227370616e2d313522203e0d0a093c6469762069643d22746f702d6576656e742220636c6173733d2267616c6c65727976696577223e0d0a09093c78736c3a6170706c792d74656d706c617465732073656c6563743d22746f702d6576656e74222f3e0d0a093c2f6469763e0d0a093c2f6469763e0d0a093c2f78736c3a74656d706c6174653e0d0a093c78736c3a74656d706c617465206d617463683d22746f702d6576656e74223e0d0a09093c64697620636c6173733d2270616e656c223e0d0a09093c696d67207372633d22696d6167653f7265736f757263655f747970653d696d6167655f6576656e7426616d703b69643d7b6576656e742d69647d22202f3e200d0a0909093c64697620636c6173733d2270616e656c2d6f7665726c6179223e0d0a090909093c68343e3c6120687265663d226a73702f736974652f506f7274616c2e6a73703f706167653d63616c656e64617226616d703b616374696f6e3d73686f775f726573756c7426616d703b6576656e745f69643d7b6576656e742d69647d26616d703b6167656e64613d7b6167656e64612d69647d22207461726765743d225f626c616e6b223e3c78736c3a76616c75652d6f662073656c6563743d22746f702d6576656e742d7469746c65222064697361626c652d6f75747075742d6573636170696e673d2279657322202f3e3c2f613e3c2f68343e090909090d0a0909093c2f6469763e0d0a09093c2f6469763e0d0a093c2f78736c3a74656d706c6174653e0d0a090d0a093c78736c3a74656d706c617465206d617463683d226576656e7473223e0d0a09093c62722f3e0d0a09095b3c78736c3a76616c75652d6f662073656c6563743d226461746522202f3e205d0d0a09093c78736c3a6170706c792d74656d706c617465732073656c6563743d226576656e7422202f3e200d0a093c2f78736c3a74656d706c6174653e0d0a090d0a093c78736c3a74656d706c617465206d617463683d226576656e74223e0d0a093c6469763e0d0a09093c7370616e20636c617373203d202263616c656e6461722d6576656e742d6c6973742d686561646572223e0d0a0909093c78736c3a76616c75652d6f662073656c6563743d226576656e742d7469746c6522202f3e200d0a09093c2f7370616e3e0d0a09093c78736c3a696620746573743d226e6f74286576656e742d6461746574696d652d626567696e3d272729223e0d0a0909092d0d0a0909093c78736c3a76616c75652d6f662073656c6563743d226576656e742d6461746574696d652d626567696e22202f3e200d0a09093c2f78736c3a69663e200d0a09093a0d0a09093c6120687265663d226a73702f736974652f506f7274616c2e6a73703f706167653d63616c656e64617226616d703b616374696f6e3d73686f775f726573756c7426616d703b6576656e745f69643d7b6576656e742d69647d22207461726765743d225f626c616e6b223e0d0a090920093c78736c3a76616c75652d6f662073656c6563743d226576656e742d6465736372697074696f6e22202f3e200d0a09093c2f613e0d0a093c2f6469763e0d0a093c2f78736c3a74656d706c6174653e0d0a090d0a3c2f78736c3a7374796c6573686565743e);
INSERT INTO core_stylesheet(id_stylesheet,description,file_name,source)
	VALUES(1202,'Calendar-Organizedevent','portlet_calendar_organized_events.xsl',0x3C3F786D6C2076657273696F6E3D22312E30223F3E0D0A3C78736C3A7374796C6573686565742076657273696F6E3D22312E302220786D6C6E733A78736C3D22687474703A2F2F7777772E77332E6F72672F313939392F58534C2F5472616E73666F726D223E0D0A0D0A093C78736C3A706172616D206E616D653D22736974652D70617468222073656C6563743D22736974652D7061746822202F3E0D0A093C78736C3A7661726961626C65206E616D653D22706F72746C65742D6964222073656C6563743D22706F72746C65742F706F72746C65742D696422202F3E0D0A0D0A093C78736C3A74656D706C617465206D617463683D22706F72746C6574223E0D0A09093C64697620636C6173733D22617070656E642D626F74746F6D22203E0D0A0909093C64697620636C6173733D22706F72746C65742D6261636B67726F756E642D636F6E74656E74202D6C75746563652D626F726465722D7261646975732D626F74746F6D207370616E2D362063616C656E6461722D6D696E692063616C656E6461722D7365617263682D666C6F61742D6C656674223E0D0A090909093C78736C3A6170706C792D74656D706C617465732073656C6563743D226D6F6E746822202F3E0D0A090909093C78736C3A746578742064697361626C652D6F75747075742D6573636170696E673D22796573223E0D0A09090909093C2F78736C3A746578743E0D0A0909093C2F6469763E200D0A0909093C64697620636C6173733D22706F72746C65742D6261636B67726F756E642D636F6E74656E74202D6C75746563652D626F726465722D7261646975732063616C656E6461722D7365617263682D666C6F61742D6C656674207370616E2D313322203E0D0A090909093C78736C3A6170706C792D74656D706C617465732073656C6563743D2263616C656E6461722D66696C74657265642D6C69737422202F3E0D0A090909093C78736C3A746578742064697361626C652D6F75747075742D6573636170696E673D22796573223E0D0A09090909093C215B43444154415B3C64697620636C6173733D22636C656172223E26233136303B3C2F6469763E5D5D3E0D0A090909093C2F78736C3A746578743E0D0A0909093C2F6469763E0D0A09093C2F6469763E0D0A09093C64697620636C6173733D2263616C656E6461722D636C656172626F7468223E3C2F6469763E20202020202020200D0A093C2F78736C3A74656D706C6174653E0D0A0D0A093C78736C3A74656D706C617465206D617463683D226D6F6E7468223E0D0A09202020203C7461626C6520636C6173733D2263616C656E6461722D736D616C6C6D6F6E7468222063656C6C73706163696E673D2230223E0D0A20202020202020203C74723E0D0A2020202020202020202020203C746820636C6173733D2263616C656E6461722D736D616C6C6D6F6E74682220636F6C7370616E3D2237223E0D0A090909093C78736C3A76616C75652D6F662073656C6563743D226D6F6E74682D6C6162656C222064697361626C652D6F75747075742D6573636170696E673D2279657322202F3E0D0A2020202020202020202020203C2F74683E0D0A20202020202020203C2F74723E0D0A09093C78736C3A6170706C792D74656D706C617465732073656C6563743D227765656B73222F3E090909090D0A09093C2F7461626C653E0D0A09093C78736C3A6170706C792D74656D706C617465732073656C6563743D227765656B2D73686F72746375747322202F3E0D0A093C2F78736C3A74656D706C6174653E0D0A0D0A093C78736C3A74656D706C617465206D617463683D227765656B73223E200D0A09093C74723E0D0A0909093C78736C3A6170706C792D74656D706C617465732073656C6563743D226461792D6C6162656C22202F3E0D0A09093C2F74723E090D0A09090D0A09093C78736C3A6170706C792D74656D706C617465732073656C6563743D227765656B22202F3E0D0A09090D0A093C2F78736C3A74656D706C6174653E0D0A090D0A093C78736C3A74656D706C617465206D617463683D226461792D6C6162656C223E0D0A0909093C746820636C6173733D2263616C656E6461722D736D616C6C6D6F6E7468223E3C78736C3A6170706C792D74656D706C61746573202F3E3C2F74683E0D0A093C2F78736C3A74656D706C6174653E200D0A090D0A093C78736C3A74656D706C617465206D617463683D227765656B223E202020200D0A09093C74723E0D0A0909093C78736C3A6170706C792D74656D706C617465732073656C6563743D22646179222F3E200D0A09093C2F74723E0D0A093C2F78736C3A74656D706C6174653E0D0A0D0A093C78736C3A74656D706C617465206D617463683D22646179223E0D0A09093C78736C3A76616C75652D6F662073656C6563743D226461792D636F6465222064697361626C652D6F75747075742D6573636170696E673D2279657322202F3E200D0A093C2F78736C3A74656D706C6174653E0D0A090D0A093C78736C3A74656D706C617465206D617463683D227765656B2D73686F727463757473223E0D0A09093C78736C3A6170706C792D74656D706C617465732073656C6563743D227765656B2D73686F7274637574222F3E200D0A093C2F78736C3A74656D706C6174653E0D0A090D0A093C78736C3A74656D706C617465206D617463683D227765656B2D73686F7274637574223E090D0A0909093C696D67206865696768743D2231362220626F726465723D223022202077696474683D22313622207469746C653D224167656E64612220616C743D224167656E646122207372633D22696D616765732F6C6F63616C2F736B696E2F706C7567696E732F63616C656E6461722F6D696E695F63616C656E6461722E706E67222F3E09090D0A090909093C78736C3A746578742064697361626C652D6F75747075742D6573636170696E673D22796573223E0D0A0909090909093C215B43444154415B266E6273703B5D5D3E0D0A090909093C2F78736C3A746578743E0D0A0909093C6120687265663D226A73702F736974652F506F7274616C2E6A73703F706167653D63616C656E64617226616D703B616374696F6E3D646F5F73656172636826616D703B646174655F73746172743D7B7765656B2D73686F72746375742D646174652D73746172747D26616D703B646174655F656E643D7B7765656B2D73686F72746375742D646174652D656E647D26616D703B706572696F643D7B7765656B2D73686F72746375742D706572696F647D223E0D0A0909093C78736C3A76616C75652D6F662073656C6563743D227765656B2D73686F72746375742D6C6162656C222064697361626C652D6F75747075742D6573636170696E673D2279657322202F3E3C2F613E090909090D0A090909200D0A09093C62722F3E0D0A093C2F78736C3A74656D706C6174653E0D0A090D0A093C78736C3A74656D706C617465206D617463683D2263616C656E6461722D66696C74657265642D6C697374223E0D0A09093C78736C3A6170706C792D74656D706C617465732073656C6563743D226576656E747322202F3E0D0A093C2F78736C3A74656D706C6174653E0D0A0D0A093C78736C3A74656D706C617465206D617463683D226576656E7473223E202020200D0A09093C78736C3A6170706C792D74656D706C617465732073656C6563743D226576656E7422202F3E200D0A093C2F78736C3A74656D706C6174653E0D0A0D0A093C78736C3A74656D706C617465206D617463683D226576656E74223E090D0A09093C7020636C6173733D2263616C656E6461722D6F7267616E697A65642D6576656E74223E0D0A0920202020202020203C6120687265663D226A73702F736974652F506F7274616C2E6A73703F706167653D63616C656E64617226616D703B616374696F6E3D73686F775F726573756C7426616D703B6576656E745F69643D7B6576656E742D69647D26616D703B6167656E64613D7B6167656E64612D69647D22207461726765743D225F626C616E6B223E0D0A092020202020202020093C78736C3A76616C75652D6F662073656C6563743D226576656E742D7469746C65222064697361626C652D6F75747075742D6573636170696E673D2279657322202F3E0D0A0920202020202020203C2F613E0D0A20202020202020203C2F703E0D0A0D0A093C2F78736C3A74656D706C6174653E0D0A3C2F78736C3A7374796C6573686565743E0D0A);

--
-- Dumping data for table core_style_mode_stylesheet
--
INSERT INTO core_style_mode_stylesheet(id_style,id_mode,id_stylesheet) VALUES(1200,0,1200);
INSERT INTO core_style_mode_stylesheet(id_style,id_mode,id_stylesheet) VALUES(1201,0,1201);
INSERT INTO core_style_mode_stylesheet(id_style,id_mode,id_stylesheet) VALUES(1202,0,1202);

--
-- Init  table core_admin_role
--
INSERT INTO core_admin_role (role_key,role_description) VALUES ('calendar_manager', 'Calendar management');

--
-- Init  table core_admin_role_resource
--
INSERT INTO core_admin_role_resource (rbac_id,role_key,resource_type,resource_id,permission) VALUES (250,'calendar_manager','CALENDAR','*','*');

--
-- Init  table core_user_role
--
INSERT INTO core_user_role (role_key,id_user) VALUES ('calendar_manager',1);

--
-- Init  table core_admin_dashboard
--
INSERT INTO core_admin_dashboard(dashboard_name, dashboard_column, dashboard_order) VALUES('calendarAdminDashboardComponent', 1, 1);

--
-- Init  table core_dashboard
--
INSERT INTO core_dashboard(dashboard_name, dashboard_column, dashboard_order) VALUES('CALENDAR', 3, 1);
